feature,importance
risk_reward_ratio,0.3622123088275994
win_loss_roi_ratio,0.3213885491283709
win_loss_holding_time_ratio,0.1803118593466121
win_ratio,0.12192265320888303
trade_frequency_score,0.01416462948853462
